{
  "prompts": {
    "A": "The cat sat on the mat. It was a sunny day.",
    "B": "Machine learning models process data efficiently.",
    "C": "Quantum computers leverage superposition for parallel computation."
  },
  "results": {
    "A": {
      "final_top2": [
        1,
        7
      ],
      "top2_consistency": 1.0,
      "expert_drift": [
        -0.3928051292896271,
        0.30754750967025757,
        -0.170232355594635,
        0.18789923191070557,
        0.1798422932624817,
        -0.030727148056030273,
        -0.36586153507232666,
        0.28433680534362793
      ],
      "expert_slopes": [
        -0.003928051330149174,
        0.0030754751060158014,
        -0.00170232355594635,
        0.001878992305137217,
        0.001798422890715301,
        -0.0003072714898735285,
        -0.0036586152855306864,
        0.002843368100002408
      ]
    },
    "B": {
      "final_top2": [
        2,
        7
      ],
      "top2_consistency": 1.0,
      "expert_drift": [
        -0.5779702663421631,
        -0.5863058567047119,
        0.48883676528930664,
        -0.5863058567047119,
        0.1989859789609909,
        0.23199766874313354,
        0.0751042366027832,
        0.7556576728820801
      ],
      "expert_slopes": [
        -0.005779702682048082,
        -0.005863058380782604,
        0.004888367839157581,
        -0.005863058380782604,
        0.0019898598548024893,
        0.0023199766874313354,
        0.0007510423893108964,
        0.007556576747447252
      ]
    },
    "C": {
      "final_top2": [
        5,
        7
      ],
      "top2_consistency": 1.0,
      "expert_drift": [
        -0.5732728242874146,
        -0.04260849952697754,
        0.13054198026657104,
        0.18002855777740479,
        -0.40708786249160767,
        0.6484492421150208,
        -0.2116563767194748,
        0.2756054997444153
      ],
      "expert_slopes": [
        -0.0057327281683683395,
        -0.0004260849964339286,
        0.0013054198352620006,
        0.001800285535864532,
        -0.004070878494530916,
        0.006484492216259241,
        -0.002116563729941845,
        0.0027560549788177013
      ]
    }
  },
  "mean_cross_prompt_overlap": 0.5
}