{
  "A": {
    "entropy_per_token": [
      1.1903804540634155,
      1.221921682357788,
      0.4869062602519989,
      0.21342653036117554,
      0.28986284136772156,
      0.3157903552055359,
      1.5946426391601562,
      0.40097010135650635,
      1.7105107307434082,
      0.8786418437957764,
      1.3817026615142822,
      1.6270725727081299,
      0.15069055557250977,
      1.123992681503296,
      1.6215293407440186,
      1.1440078020095825,
      1.7425556182861328
    ],
    "entropy_mean": 1.0055649280548096,
    "entropy_std": 0.5638836622238159,
    "entropy_max": 2.0794415416798357,
    "top2_gaps": [
      1.2015855312347412,
      1.8411073684692383,
      2.492288589477539,
      3.430105209350586,
      2.892897605895996,
      3.0745511054992676,
      0.37425804138183594,
      3.6754326820373535,
      0.6505849957466125,
      2.0138912200927734,
      1.319700002670288,
      0.3413888216018677,
      4.932765007019043,
      1.4905555248260498,
      0.04557979106903076,
      1.4704902172088623,
      0.8645996451377869
    ],
    "top2_gap_mean": 1.8889284133911133,
    "top2_gap_std": 1.3156837224960327,
    "expert_usage_mean": [
      0.07022355496883392,
      0.17562872171401978,
      0.09799467772245407,
      0.15062862634658813,
      0.1514236181974411,
      0.11560235172510147,
      0.07415632903575897,
      0.16434213519096375
    ],
    "expert_frequencies": [
      0.058823529411764705,
      0.11764705882352941,
      0.11764705882352941,
      0.11764705882352941,
      0.23529411764705882,
      0.11764705882352941,
      0.058823529411764705,
      0.17647058823529413
    ],
    "num_experts": 8,
    "seq_len": 17
  },
  "B": {
    "entropy_per_token": [
      1.1856205463409424,
      1.3032282590866089,
      1.5121986865997314,
      0.25025469064712524,
      1.5842992067337036,
      1.1731780767440796,
      1.6525650024414062,
      0.8976109623908997,
      1.3655941486358643,
      1.6418602466583252,
      0.09587924182415009,
      0.3724685311317444,
      0.4065931737422943,
      1.7621270418167114,
      1.1212353706359863,
      1.6911609172821045
    ],
    "entropy_mean": 1.1259920597076416,
    "entropy_std": 0.5412282943725586,
    "entropy_max": 2.0794415416798357,
    "top2_gaps": [
      1.1712414026260376,
      1.6961770057678223,
      0.6717013120651245,
      3.52728533744812,
      0.4126410484313965,
      1.7447603940963745,
      1.0395033359527588,
      2.1409215927124023,
      1.4235368967056274,
      0.9723777770996094,
      5.187060356140137,
      3.1965227127075195,
      2.611764669418335,
      0.2753058075904846,
      1.5641193389892578,
      1.0574984550476074
    ],
    "top2_gap_mean": 1.793276071548462,
    "top2_gap_std": 1.253098726272583,
    "expert_usage_mean": [
      0.06590507179498672,
      0.11325764656066895,
      0.17769412696361542,
      0.10406080633401871,
      0.16591186821460724,
      0.0919395238161087,
      0.08396831154823303,
      0.19726264476776123
    ],
    "expert_frequencies": [
      0.0625,
      0.0625,
      0.1875,
      0.0625,
      0.25,
      0.0625,
      0.0625,
      0.25
    ],
    "num_experts": 8,
    "seq_len": 16
  },
  "C": {
    "entropy_per_token": [
      0.986688494682312,
      0.9628716707229614,
      1.4270367622375488,
      1.727642297744751,
      1.7968525886535645,
      1.4429601430892944,
      0.7292481660842896,
      1.634380578994751
    ],
    "entropy_mean": 1.3384602069854736,
    "entropy_std": 0.37146174907684326,
    "entropy_max": 2.0794415416798357,
    "top2_gaps": [
      1.5682685375213623,
      2.322366714477539,
      0.9467390775680542,
      0.5343680381774902,
      0.24701589345932007,
      1.370025396347046,
      2.5582656860351562,
      1.2105610370635986
    ],
    "top2_gap_mean": 1.3447012901306152,
    "top2_gap_std": 0.7514247298240662,
    "expert_usage_mean": [
      0.047037385404109955,
      0.026998430490493774,
      0.20190294086933136,
      0.043522920459508896,
      0.14940735697746277,
      0.15194641053676605,
      0.13015878200531006,
      0.24902573227882385
    ],
    "expert_frequencies": [
      0.0,
      0.0,
      0.125,
      0.0,
      0.375,
      0.125,
      0.125,
      0.25
    ],
    "num_experts": 8,
    "seq_len": 8
  }
}